code,label,total,age,male,female
LV,Latvia,103060,LT5,53490,49570
LV0,Latvija,103060,LT5,53490,49570
LV00,Latvija,103060,LT5,53490,49570
LV003,Kurzeme (NUTS 2021),12387,LT5,6371,6016
LV005,Latgale,11118,LT5,5822,5296
LV006,Rīga (NUTS 2021),34374,LT5,17915,16459
LV007,Pieriga (NUTS 2021),23486,LT5,12102,11384
LV008,Vidzeme (NUTS 2021),9420,LT5,4972,4448
LV009,Zemgale,12275,LT5,6308,5967
LV00A,Rīga,:,LT5,:,:
LV00B,Kurzeme,:,LT5,:,:
LV00C,Vidzeme,:,LT5,:,:
LV,Latvia,99627,5-9,51481,48146
LV0,Latvija,99627,5-9,51481,48146
LV00,Latvija,99627,5-9,51481,48146
LV003,Kurzeme (NUTS 2021),12218,5-9,6295,5923
LV005,Latgale,11298,5-9,5844,5454
LV006,Rīga (NUTS 2021),32024,5-9,16377,15647
LV007,Pieriga (NUTS 2021),22731,5-9,11860,10871
LV008,Vidzeme (NUTS 2021),9214,5-9,4793,4421
LV009,Zemgale,12142,5-9,6312,5830
LV00A,Rīga,:,5-9,:,:
LV00B,Kurzeme,:,5-9,:,:
LV00C,Vidzeme,:,5-9,:,:
LV,Latvia,102501,10-14,52312,50189
LV0,Latvija,102501,10-14,52312,50189
LV00,Latvija,102501,10-14,52312,50189
LV003,Kurzeme (NUTS 2021),13214,10-14,6729,6485
LV005,Latgale,12611,10-14,6445,6166
LV006,Rīga (NUTS 2021),31464,10-14,16064,15400
LV007,Pieriga (NUTS 2021),22944,10-14,11707,11237
LV008,Vidzeme (NUTS 2021),9621,10-14,5004,4617
LV009,Zemgale,12647,10-14,6363,6284
LV00A,Rīga,:,10-14,:,:
LV00B,Kurzeme,:,10-14,:,:
LV00C,Vidzeme,:,10-14,:,:
LV,Latvia,89522,15-19,45871,43651
LV0,Latvija,89522,15-19,45871,43651
LV00,Latvija,89522,15-19,45871,43651
LV003,Kurzeme (NUTS 2021),12384,15-19,6378,6006
LV005,Latgale,12265,15-19,6329,5936
LV006,Rīga (NUTS 2021),26272,15-19,13415,12857
LV007,Pieriga (NUTS 2021),17888,15-19,9149,8739
LV008,Vidzeme (NUTS 2021),9198,15-19,4729,4469
LV009,Zemgale,11515,15-19,5871,5644
LV00A,Rīga,:,15-19,:,:
LV00B,Kurzeme,:,15-19,:,:
LV00C,Vidzeme,:,15-19,:,:
LV,Latvia,83996,20-24,43800,40196
LV0,Latvija,83996,20-24,43800,40196
LV00,Latvija,83996,20-24,43800,40196
LV003,Kurzeme (NUTS 2021),11641,20-24,6107,5534
LV005,Latgale,11552,20-24,6040,5512
LV006,Rīga (NUTS 2021),26538,20-24,13658,12880
LV007,Pieriga (NUTS 2021),15115,20-24,7896,7219
LV008,Vidzeme (NUTS 2021),8717,20-24,4604,4113
LV009,Zemgale,10433,20-24,5495,4938
LV00A,Rīga,:,20-24,:,:
LV00B,Kurzeme,:,20-24,:,:
LV00C,Vidzeme,:,20-24,:,:
LV,Latvia,115546,25-29,59704,55842
LV0,Latvija,115546,25-29,59704,55842
LV00,Latvija,115546,25-29,59704,55842
LV003,Kurzeme (NUTS 2021),14616,25-29,7697,6919
LV005,Latgale,14177,25-29,7604,6573
LV006,Rīga (NUTS 2021),38632,25-29,19094,19538
LV007,Pieriga (NUTS 2021),21569,25-29,11114,10455
LV008,Vidzeme (NUTS 2021),12112,25-29,6430,5682
LV009,Zemgale,14440,25-29,7765,6675
LV00A,Rīga,:,25-29,:,:
LV00B,Kurzeme,:,25-29,:,:
LV00C,Vidzeme,:,25-29,:,:
LV,Latvia,137794,30-34,71205,66589
LV0,Latvija,137794,30-34,71205,66589
LV00,Latvija,137794,30-34,71205,66589
LV003,Kurzeme (NUTS 2021),15122,30-34,8048,7074
LV005,Latgale,15715,30-34,8619,7096
LV006,Rīga (NUTS 2021),51538,30-34,25320,26218
LV007,Pieriga (NUTS 2021),27088,30-34,13743,13345
LV008,Vidzeme (NUTS 2021),12378,30-34,6784,5594
LV009,Zemgale,15953,30-34,8691,7262
LV00A,Rīga,:,30-34,:,:
LV00B,Kurzeme,:,30-34,:,:
LV00C,Vidzeme,:,30-34,:,:
LV,Latvia,130379,35-39,66547,63832
LV0,Latvija,130379,35-39,66547,63832
LV00,Latvija,130379,35-39,66547,63832
LV003,Kurzeme (NUTS 2021),14064,35-39,7311,6753
LV005,Latgale,14250,35-39,7694,6556
LV006,Rīga (NUTS 2021),48571,35-39,23994,24577
LV007,Pieriga (NUTS 2021),28389,35-39,14325,14064
LV008,Vidzeme (NUTS 2021),10387,35-39,5428,4959
LV009,Zemgale,14718,35-39,7795,6923
LV00A,Rīga,:,35-39,:,:
LV00B,Kurzeme,:,35-39,:,:
LV00C,Vidzeme,:,35-39,:,:
LV,Latvia,124087,40-44,61425,62662
LV0,Latvija,124087,40-44,61425,62662
LV00,Latvija,124087,40-44,61425,62662
LV003,Kurzeme (NUTS 2021),14012,40-44,6898,7114
LV005,Latgale,15286,40-44,7566,7720
LV006,Rīga (NUTS 2021),43037,40-44,20571,22466
LV007,Pieriga (NUTS 2021),27127,40-44,13780,13347
LV008,Vidzeme (NUTS 2021),10454,40-44,5286,5168
LV009,Zemgale,14171,40-44,7324,6847
LV00A,Rīga,:,40-44,:,:
LV00B,Kurzeme,:,40-44,:,:
LV00C,Vidzeme,:,40-44,:,:
LV,Latvia,131906,45-49,64157,67749
LV0,Latvija,131906,45-49,64157,67749
LV00,Latvija,131906,45-49,64157,67749
LV003,Kurzeme (NUTS 2021),16382,45-49,8028,8354
LV005,Latgale,18495,45-49,9038,9457
LV006,Rīga (NUTS 2021),41565,45-49,19538,22027
LV007,Pieriga (NUTS 2021),27330,45-49,13572,13758
LV008,Vidzeme (NUTS 2021),12333,45-49,6082,6251
LV009,Zemgale,15801,45-49,7899,7902
LV00A,Rīga,:,45-49,:,:
LV00B,Kurzeme,:,45-49,:,:
LV00C,Vidzeme,:,45-49,:,:
LV,Latvia,127715,50-54,60656,67059
LV0,Latvija,127715,50-54,60656,67059
LV00,Latvija,127715,50-54,60656,67059
LV003,Kurzeme (NUTS 2021),16018,50-54,7657,8361
LV005,Latgale,20010,50-54,9698,10312
LV006,Rīga (NUTS 2021),38500,50-54,17311,21189
LV007,Pieriga (NUTS 2021),24256,50-54,12057,12199
LV008,Vidzeme (NUTS 2021),13142,50-54,6242,6900
LV009,Zemgale,15789,50-54,7691,8098
LV00A,Rīga,:,50-54,:,:
LV00B,Kurzeme,:,50-54,:,:
LV00C,Vidzeme,:,50-54,:,:
LV,Latvia,138282,55-59,63178,75104
LV0,Latvija,138282,55-59,63178,75104
LV00,Latvija,138282,55-59,63178,75104
LV003,Kurzeme (NUTS 2021),17658,55-59,8217,9441
LV005,Latgale,21668,55-59,10259,11409
LV006,Rīga (NUTS 2021),42851,55-59,18406,24445
LV007,Pieriga (NUTS 2021),24902,55-59,11676,13226
LV008,Vidzeme (NUTS 2021),14384,55-59,6770,7614
LV009,Zemgale,16819,55-59,7850,8969
LV00A,Rīga,:,55-59,:,:
LV00B,Kurzeme,:,55-59,:,:
LV00C,Vidzeme,:,55-59,:,:
LV,Latvia,131847,60-64,57448,74399
LV0,Latvija,131847,60-64,57448,74399
LV00,Latvija,131847,60-64,57448,74399
LV003,Kurzeme (NUTS 2021),16761,60-64,7535,9226
LV005,Latgale,20340,60-64,9092,11248
LV006,Rīga (NUTS 2021),42061,60-64,16969,25092
LV007,Pieriga (NUTS 2021),23459,60-64,10634,12825
LV008,Vidzeme (NUTS 2021),13050,60-64,5938,7112
LV009,Zemgale,16176,60-64,7280,8896
LV00A,Rīga,:,60-64,:,:
LV00B,Kurzeme,:,60-64,:,:
LV00C,Vidzeme,:,60-64,:,:
LV,Latvia,109804,65-69,43882,65922
LV0,Latvija,109804,65-69,43882,65922
LV00,Latvija,109804,65-69,43882,65922
LV003,Kurzeme (NUTS 2021),14073,65-69,5720,8353
LV005,Latgale,16642,65-69,6839,9803
LV006,Rīga (NUTS 2021),36263,65-69,13407,22856
LV007,Pieriga (NUTS 2021),19430,65-69,8085,11345
LV008,Vidzeme (NUTS 2021),10374,65-69,4452,5922
LV009,Zemgale,13022,65-69,5379,7643
LV00A,Rīga,:,65-69,:,:
LV00B,Kurzeme,:,65-69,:,:
LV00C,Vidzeme,:,65-69,:,:
LV,Latvia,90370,70-74,32666,57704
LV0,Latvija,90370,70-74,32666,57704
LV00,Latvija,90370,70-74,32666,57704
LV003,Kurzeme (NUTS 2021),11716,70-74,4250,7466
LV005,Latgale,13118,70-74,4720,8398
LV006,Rīga (NUTS 2021),30625,70-74,10403,20222
LV007,Pieriga (NUTS 2021),16082,70-74,6186,9896
LV008,Vidzeme (NUTS 2021),8545,70-74,3168,5377
LV009,Zemgale,10284,70-74,3939,6345
LV00A,Rīga,:,70-74,:,:
LV00B,Kurzeme,:,70-74,:,:
LV00C,Vidzeme,:,70-74,:,:
LV,Latvia,80187,75-79,25191,54996
LV0,Latvija,80187,75-79,25191,54996
LV00,Latvija,80187,75-79,25191,54996
LV003,Kurzeme (NUTS 2021),11024,75-79,3588,7436
LV005,Latgale,11414,75-79,3474,7940
LV006,Rīga (NUTS 2021),24592,75-79,7351,17241
LV007,Pieriga (NUTS 2021),14431,75-79,4734,9697
LV008,Vidzeme (NUTS 2021),8988,75-79,2914,6074
LV009,Zemgale,9738,75-79,3130,6608
LV00A,Rīga,:,75-79,:,:
LV00B,Kurzeme,:,75-79,:,:
LV00C,Vidzeme,:,75-79,:,:
LV,Latvia,64080,80-84,17716,46364
LV0,Latvija,64080,80-84,17716,46364
LV00,Latvija,64080,80-84,17716,46364
LV003,Kurzeme (NUTS 2021),8218,80-84,2271,5947
LV005,Latgale,9130,80-84,2390,6740
LV006,Rīga (NUTS 2021),22178,80-84,6176,16002
LV007,Pieriga (NUTS 2021),10768,80-84,3193,7575
LV008,Vidzeme (NUTS 2021),6512,80-84,1727,4785
LV009,Zemgale,7274,80-84,1959,5315
LV00A,Rīga,:,80-84,:,:
LV00B,Kurzeme,:,80-84,:,:
LV00C,Vidzeme,:,80-84,:,:
LV,Latvia,32056,85-89,7468,24588
LV0,Latvija,32056,85-89,7468,24588
LV00,Latvija,32056,85-89,7468,24588
LV003,Kurzeme (NUTS 2021),4097,85-89,1002,3095
LV005,Latgale,4793,85-89,966,3827
LV006,Rīga (NUTS 2021),10875,85-89,2625,8250
LV007,Pieriga (NUTS 2021),5174,85-89,1257,3917
LV008,Vidzeme (NUTS 2021),3525,85-89,821,2704
LV009,Zemgale,3592,85-89,797,2795
LV00A,Rīga,:,85-89,:,:
LV00B,Kurzeme,:,85-89,:,:
LV00C,Vidzeme,:,85-89,:,:
LV,Latvia,46972,GE85,10227,36745
LV0,Latvija,46972,GE85,10227,36745
LV00,Latvija,46972,GE85,10227,36745
LV003,Kurzeme (NUTS 2021),5899,GE85,1361,4538
LV005,Latgale,6879,GE85,1259,5620
LV006,Rīga (NUTS 2021),16402,GE85,3754,12648
LV007,Pieriga (NUTS 2021),7471,GE85,1671,5800
LV008,Vidzeme (NUTS 2021),5109,GE85,1108,4001
LV009,Zemgale,5212,GE85,1074,4138
LV00A,Rīga,:,GE85,:,:
LV00B,Kurzeme,:,GE85,:,:
LV00C,Vidzeme,:,GE85,:,:
