total,code,female,year,male
11554767,BE,5854293,2021,5700474
1226329,BE1,622670,2021,603659
1226329,BE10,622670,2021,603659
1226329,BE100,622670,2021,603659
6664709,BE2,3362881,2021,3301828
1879318,BE21,945588,2021,933730
1062427,BE211,534939,2021,527488
348999,BE212,177302,2021,171697
467892,BE213,233347,2021,234545
883228,BE22,442777,2021,440451
205913,BE223,103184,2021,102729
423545,BE224,213434,2021,210111
253770,BE225,126159,2021,127611
1533876,BE23,775359,2021,758517
296259,BE231,150545,2021,145714
203110,BE232,103069,2021,100041
86756,BE233,43446,2021,43310
565571,BE234,285005,2021,280566
125095,BE235,63225,2021,61870
257085,BE236,130069,2021,127016
1163186,BE24,592105,2021,571081
649912,BE241,332663,2021,317249
513274,BE242,259442,2021,253832
1205101,BE25,607052,2021,598049
283590,BE251,143783,2021,139807
51800,BE252,25861,2021,25939
106751,BE253,53298,2021,53453
293593,BE254,148207,2021,145386
158320,BE255,80090,2021,78230
155190,BE256,77803,2021,77387
93847,BE257,46651,2021,47196
62010,BE258,31359,2021,30651
3663729,BE3,1868742,2021,1794987
408325,BE31,210026,2021,198299
408325,BE310,210026,2021,198299
1349861,BE32,691339,2021,658522
259351,BE323,133673,2021,125678
225286,BE328,114437,2021,110849
141689,BE329,72860,2021,68829
128732,BE32A,65629,2021,63103
397002,BE32B,204014,2021,192988
105737,BE32C,53961,2021,51776
92064,BE32D,46765,2021,45299
1113324,BE33,567195,2021,546129
114476,BE331,58207,2021,56269
627304,BE332,320553,2021,306751
82393,BE334,42156,2021,40237
210672,BE335,106904,2021,103768
78479,BE336,39375,2021,39104
291730,BE34,145872,2021,145858
64086,BE341,32044,2021,32042
50438,BE342,25026,2021,25412
57971,BE343,28864,2021,29107
64806,BE344,32420,2021,32386
54429,BE345,27518,2021,26911
500489,BE35,254310,2021,246179
113157,BE351,57130,2021,56027
319928,BE352,163255,2021,156673
67404,BE353,33925,2021,33479
6532117,BG,3389807,2021,3142310
3193226,BG3,1652514,2021,1540712
696328,BG31,358558,2021,337770
76166,BG311,39417,2021,36749
120978,BG312,62081,2021,58897
154009,BG313,78975,2021,75034
228051,BG314,117822,2021,110229
117124,BG315,60263,2021,56861
705241,BG32,366998,2021,338243
209158,BG321,108808,2021,100350
99061,BG322,52088,2021,46973
194978,BG323,101710,2021,93268
103632,BG324,53650,2021,49982
98412,BG325,50742,2021,47670
832326,BG33,430442,2021,401884
430784,BG331,223322,2021,207462
151085,BG332,78465,2021,72620
151948,BG333,78115,2021,73833
98509,BG334,50540,2021,47969
959331,BG34,496516,2021,462815
378405,BG341,196001,2021,182404
173110,BG342,89599,2021,83511
110264,BG343,56558,2021,53706
297552,BG344,154358,2021,143194
3338891,BG4,1737293,2021,1601598
2024977,BG41,1055448,2021,969529
1271214,BG411,667616,2021,603598
233785,BG412,119542,2021,114243
292149,BG413,150065,2021,142084
115045,BG414,59795,2021,55250
112784,BG415,58430,2021,54354
1313914,BG42,681845,2021,632069
633757,BG421,331640,2021,302117
212175,BG422,109839,2021,102336
230946,BG423,118699,2021,112247
97217,BG424,50505,2021,46712
139819,BG425,71162,2021,68657
10494836,CZ,5323934,2021,5170902
10494836,CZ0,5323934,2021,5170902
1259413,CZ01,646097,2021,613316
1259413,CZ010,646097,2021,613316
1372588,CZ02,694338,2021,678250
1372588,CZ020,694338,2021,678250
1212780,CZ03,612262,2021,600518
636422,CZ031,321434,2021,314988
576358,CZ032,290828,2021,285530
1086606,CZ04,549394,2021,537212
285020,CZ041,144149,2021,140871
801586,CZ042,405245,2021,396341
1496140,CZ05,756374,2021,739766
437522,CZ051,221560,2021,215962
544205,CZ052,275634,2021,268571
514413,CZ053,259180,2021,255233
1685220,CZ06,853844,2021,831376
504004,CZ063,253216,2021,250788
1181216,CZ064,600628,2021,580588
1198649,CZ07,609860,2021,588789
624931,CZ071,318324,2021,306607
573718,CZ072,291536,2021,282182
1183440,CZ08,601765,2021,581675
1183440,CZ080,601765,2021,581675
5840045,DK,2935188,2021,2904857
5840045,DK0,2935188,2021,2904857
1855084,DK01,944364,2021,910720
799033,DK011,406742,2021,392291
550504,DK012,279975,2021,270529
465887,DK013,237640,2021,228247
39660,DK014,20007,2021,19653
838840,DK02,421008,2021,417832
252492,DK021,127834,2021,124658
586348,DK022,293174,2021,293174
1223634,DK03,611603,2021,612031
499419,DK031,250910,2021,248509
724215,DK032,360693,2021,363522
1332048,DK04,665874,2021,666174
428074,DK041,211849,2021,216225
903974,DK042,454025,2021,449949
590439,DK05,292339,2021,298100
590439,DK050,292339,2021,298100
83155031,DE,42128512,2021,41026519
11103043,DE1,5586407,2021,5516636
4151094,DE11,2081032,2021,2070062
630305,DE111,315584,2021,314721
392898,DE112,197537,2021,195361
533617,DE113,267125,2021,266492
258781,DE114,129779,2021,129002
544971,DE115,274475,2021,270496
427286,DE116,216017,2021,211269
126458,DE117,62702,2021,63756
346363,DE118,172513,2021,173850
112765,DE119,55879,2021,56886
197860,DE11A,98563,2021,99297
132684,DE11B,66458,2021,66226
132812,DE11C,66680,2021,66132
314294,DE11D,157720,2021,156574
2807601,DE12,1412300,2021,1395301
55449,DE121,28785,2021,26664
308436,DE122,150707,2021,157729
446852,DE123,224327,2021,222525
232091,DE124,116780,2021,115311
158741,DE125,82477,2021,76264
309721,DE126,155459,2021,154262
143797,DE127,71546,2021,72251
548233,DE128,278594,2021,269639
126016,DE129,63941,2021,62075
160149,DE12A,79819,2021,80330
199752,DE12B,100673,2021,99079
118364,DE12C,59192,2021,59172
2276924,DE13,1153868,2021,1123056
230940,DE131,120698,2021,110242
264867,DE132,134247,2021,130620
166862,DE133,84262,2021,82600
432580,DE134,216686,2021,215894
140166,DE135,70065,2021,70101
212872,DE136,107379,2021,105493
141682,DE137,70353,2021,71329
286876,DE138,147349,2021,139527
228842,DE139,116572,2021,112270
171237,DE13A,86257,2021,84980
1867424,DE14,939207,2021,928217
287497,DE141,144925,2021,142572
228471,DE142,117091,2021,111380
189862,DE143,95683,2021,94179
126405,DE144,63660,2021,62745
198204,DE145,98206,2021,99998
202250,DE146,100419,2021,101831
217901,DE147,110551,2021,107350
285888,DE148,143442,2021,142446
130946,DE149,65230,2021,65716
13140183,DE2,6627588,2021,6512595
4719716,DE21,2385547,2021,2334169
136952,DE211,67751,2021,69201
1488202,DE212,762297,2021,725905
63591,DE213,32118,2021,31473
111654,DE214,56405,2021,55249
106327,DE215,54007,2021,52320
128212,DE216,64902,2021,63310
155117,DE217,77658,2021,77459
144091,DE218,72043,2021,72048
133169,DE219,65696,2021,67473
138891,DE21A,68947,2021,69944
180313,DE21B,88156,2021,92157
218740,DE21C,111304,2021,107436
88279,DE21D,45503,2021,42776
121019,DE21E,60636,2021,60383
100183,DE21F,51189,2021,48994
116483,DE21G,57629,2021,58854
349685,DE21H,175888,2021,173797
97730,DE21I,48618,2021,49112
129128,DE21J,63640,2021,65488
261721,DE21K,132207,2021,129514
136610,DE21L,70453,2021,66157
177485,DE21M,89884,2021,87601
136134,DE21N,68616,2021,67518
1247063,DE22,622801,2021,624262
73065,DE221,37394,2021,35671
52415,DE222,26929,2021,25486
47612,DE223,23652,2021,23960
119479,DE224,59697,2021,59782
78355,DE225,39280,2021,39075
123390,DE226,60951,2021,62439
161191,DE227,79672,2021,81519
193454,DE228,97454,2021,96000
77313,DE229,38770,2021,38543
121800,DE22A,60789,2021,61011
101745,DE22B,50711,2021,51034
97244,DE22C,47502,2021,49742
1112267,DE23,557940,2021,554327
42052,DE231,21295,2021,20757
152270,DE232,78259,2021,74011
42535,DE233,21951,2021,20584
102998,DE234,51358,2021,51640
128094,DE235,63802,2021,64292
135225,DE236,66868,2021,68357
94645,DE237,47521,2021,47124
194275,DE238,97047,2021,97228
148477,DE239,73855,2021,74622
71696,DE23A,35984,2021,35712
1062085,DE24,538829,2021,523256
76674,DE241,39609,2021,37065
74048,DE242,37848,2021,36200
40842,DE243,20959,2021,19883
45173,DE244,23416,2021,21757
147497,DE245,73625,2021,73872
103679,DE246,52294,2021,51385
86571,DE247,43827,2021,42744
116600,DE248,58676,2021,57924
94522,DE249,48206,2021,46316
66355,DE24A,33566,2021,32789
71428,DE24B,36254,2021,35174
66722,DE24C,33773,2021,32949
71974,DE24D,36776,2021,35198
1775704,DE25,899984,2021,875720
41681,DE251,21682,2021,19999
112385,DE252,56441,2021,55944
128223,DE253,65386,2021,62837
515543,DE254,263704,2021,251839
41056,DE255,20883,2021,20173
185316,DE256,92232,2021,93084
138105,DE257,69551,2021,68554
118695,DE258,61003,2021,57692
171143,DE259,86921,2021,84222
101272,DE25A,50516,2021,50756
127168,DE25B,64036,2021,63132
95117,DE25C,47629,2021,47488
1317507,DE26,664875,2021,652632
70858,DE261,36329,2021,34529
53319,DE262,27134,2021,26185
126954,DE263,66229,2021,60725
174658,DE264,87916,2021,86742
103169,DE265,52350,2021,50819
79510,DE266,39987,2021,39523
84275,DE267,42002,2021,42273
91696,DE268,45656,2021,46040
128743,DE269,64705,2021,64038
125976,DE26A,63213,2021,62763
115652,DE26B,57565,2021,58087
162697,DE26C,81789,2021,80908
1905841,DE27,957612,2021,948229
295830,DE271,150044,2021,145786
44662,DE272,22657,2021,22005
68940,DE273,34800,2021,34140
44360,DE274,22364,2021,21996
135024,DE275,67675,2021,67349
255900,DE276,128947,2021,126953
97172,DE277,48408,2021,48764
127342,DE278,63088,2021,64254
175823,DE279,88792,2021,87031
82085,DE27A,41613,2021,40472
141907,DE27B,71127,2021,70780
146164,DE27C,72520,2021,73644
134324,DE27D,66226,2021,68098
156308,DE27E,79351,2021,76957
3664088,DE3,1862050,2021,1802038
3664088,DE30,1862050,2021,1802038
3664088,DE300,1862050,2021,1802038
2531071,DE4,1283021,2021,1248050
2531071,DE40,1283021,2021,1248050
72040,DE401,36560,2021,35480
98693,DE402,50348,2021,48345
57015,DE403,29311,2021,27704
182112,DE404,93990,2021,88122
187343,DE405,94543,2021,92800
173316,DE406,87408,2021,85908
101085,DE407,50987,2021,50098
164693,DE408,83311,2021,81382
197195,DE409,99384,2021,97811
214234,DE40A,108675,2021,105559
108396,DE40B,55197,2021,53199
179276,DE40C,91425,2021,87851
98808,DE40D,49729,2021,49079
217954,DE40E,110077,2021,107877
76096,DE40F,38337,2021,37759
113011,DE40G,57542,2021,55469
171554,DE40H,85945,2021,85609
118250,DE40I,60252,2021,57998
680130,DE5,343740,2021,336390
680130,DE50,343740,2021,336390
566573,DE501,286732,2021,279841
113557,DE502,57008,2021,56549
1852478,DE6,945545,2021,906933
1852478,DE60,945545,2021,906933
1852478,DE600,945545,2021,906933
6293154,DE7,3184746,2021,3108408
4026618,DE71,2040584,2021,1986034
159174,DE711,78126,2021,81048
764104,DE712,386905,2021,377199
130892,DE713,65829,2021,65063
278609,DE714,145344,2021,133265
271015,DE715,136968,2021,134047
297701,DE716,149936,2021,147765
275807,DE717,137653,2021,138154
237281,DE718,122120,2021,115161
421689,DE719,213746,2021,207943
239264,DE71A,122011,2021,117253
96754,DE71B,48948,2021,47806
356542,DE71C,180908,2021,175634
187433,DE71D,95341,2021,92092
310353,DE71E,156749,2021,153604
1048740,DE72,530444,2021,518296
271667,DE721,137607,2021,134060
253373,DE722,128429,2021,124944
172291,DE723,86758,2021,85533
245903,DE724,124872,2021,121031
105506,DE725,52778,2021,52728
1217796,DE73,613718,2021,604078
201048,DE731,102151,2021,98897
223023,DE732,112254,2021,110769
120304,DE733,59941,2021,60363
237007,DE734,120638,2021,116369
179840,DE735,89726,2021,90114
156528,DE736,78582,2021,77946
100046,DE737,50426,2021,49620
1610774,DE8,817237,2021,793537
1610774,DE80,817237,2021,793537
209061,DE803,106098,2021,102963
95609,DE804,49690,2021,45919
258057,DE80J,131404,2021,126653
217072,DE80K,109308,2021,107764
225383,DE80L,114843,2021,110540
157975,DE80M,79451,2021,78524
235773,DE80N,120396,2021,115377
211844,DE80O,106047,2021,105797
8003421,DE9,4051965,2021,3951456
1590577,DE91,802917,2021,787660
248561,DE911,125332,2021,123229
103866,DE912,52260,2021,51606
123840,DE913,62186,2021,61654
177227,DE914,88637,2021,88590
134688,DE916,67862,2021,66826
91518,DE917,46124,2021,45394
131772,DE918,66784,2021,64988
135844,DE91A,68564,2021,67280
119361,DE91B,60259,2021,59102
323900,DE91C,164909,2021,158991
2147704,DE92,1094459,2021,1053245
218072,DE922,109619,2021,108453
148580,DE923,76699,2021,71881
275464,DE925,140935,2021,134529
70207,DE926,35396,2021,34811
121645,DE927,61320,2021,60325
158406,DE928,80658,2021,77748
1155330,DE929,589832,2021,565498
1722474,DE93,873247,2021,849227
179386,DE931,91166,2021,88220
198826,DE932,101667,2021,97159
256016,DE933,130021,2021,125995
48503,DE934,24712,2021,23791
184235,DE935,94321,2021,89914
114640,DE936,58423,2021,56217
164486,DE937,81944,2021,82542
140885,DE938,70482,2021,70403
205357,DE939,103170,2021,102187
92566,DE93A,47351,2021,45215
137574,DE93B,69990,2021,67584
2542666,DE94,1281342,2021,1261324
77503,DE941,39231,2021,38272
49874,DE942,25005,2021,24869
169605,DE943,88243,2021,81362
164223,DE944,84748,2021,79475
75189,DE945,38275,2021,36914
125643,DE946,64390,2021,61253
190178,DE947,96699,2021,93479
172632,DE948,85224,2021,87408
328930,DE949,162001,2021,166929
98971,DE94A,50738,2021,48233
137891,DE94B,68853,2021,69038
171483,DE94C,86053,2021,85430
131467,DE94D,66236,2021,65231
359471,DE94E,181081,2021,178390
143698,DE94F,71110,2021,72588
88524,DE94G,44195,2021,44329
57384,DE94H,29260,2021,28124
17925570,DEA,9130682,2021,8794888
5200090,DEA1,2661856,2021,2538234
620523,DEA11,320548,2021,299975
495885,DEA12,250641,2021,245244
582415,DEA13,299246,2021,283169
226844,DEA14,116140,2021,110704
259665,DEA15,131754,2021,127911
170921,DEA16,88512,2021,82409
209566,DEA17,106747,2021,102819
111516,DEA18,56355,2021,55161
159193,DEA19,81909,2021,77284
355004,DEA1A,180813,2021,174191
313586,DEA1B,157385,2021,156201
484322,DEA1C,250373,2021,233949
452001,DEA1D,232346,2021,219655
298536,DEA1E,152884,2021,145652
460113,DEA1F,236203,2021,223910
4475530,DEA2,2280145,2021,2195385
330579,DEA22,172389,2021,158190
1083498,DEA23,555423,2021,528075
163905,DEA24,84066,2021,79839
265140,DEA26,133681,2021,131459
469611,DEA27,240669,2021,228942
194359,DEA28,98421,2021,95938
256458,DEA29,129535,2021,126923
271699,DEA2A,138098,2021,133601
283275,DEA2B,146018,2021,137257
600375,DEA2C,306317,2021,294058
556631,DEA2D,275528,2021,281103
2624719,DEA3,1333248,2021,1291471
117388,DEA31,60266,2021,57122
259105,DEA32,130305,2021,128800
316403,DEA33,164378,2021,152025
371898,DEA34,186098,2021,185800
220712,DEA35,111849,2021,108863
613599,DEA36,314546,2021,299053
448197,DEA37,225313,2021,222884
277417,DEA38,140493,2021,136924
2054178,DEA4,1040816,2021,1013362
333509,DEA41,172707,2021,160802
364818,DEA42,182871,2021,181947
250547,DEA43,127366,2021,123181
139729,DEA44,70173,2021,69556
346970,DEA45,176746,2021,170224
310270,DEA46,157006,2021,153264
308335,DEA47,153947,2021,154388
3571053,DEA5,1814617,2021,1756436
364454,DEA51,186625,2021,177829
587696,DEA52,298600,2021,289096
188687,DEA53,96452,2021,92235
178967,DEA54,90882,2021,88085
156940,DEA55,79882,2021,77058
323130,DEA56,166282,2021,156848
259030,DEA57,129651,2021,129379
408662,DEA58,207481,2021,201181
133362,DEA59,66552,2021,66810
275491,DEA5A,138744,2021,136747
301016,DEA5B,151597,2021,149419
393618,DEA5C,201869,2021,191749
4098391,DEB,2072286,2021,2026105
1500830,DEB1,759354,2021,741476
113388,DEB11,57851,2021,55537
130479,DEB12,66135,2021,64344
129087,DEB13,65144,2021,63943
158746,DEB14,81197,2021,77549
80830,DEB15,40743,2021,40087
214786,DEB17,108624,2021,106162
183131,DEB18,92880,2021,90251
122574,DEB1A,61890,2021,60684
202830,DEB1B,102201,2021,100629
61578,DEB1C,30720,2021,30858
103401,DEB1D,51969,2021,51432
534438,DEB2,268003,2021,266435
110674,DEB21,56009,2021,54665
112685,DEB22,56263,2021,56422
100055,DEB23,49571,2021,50484
60491,DEB24,30208,2021,30283
150533,DEB25,75952,2021,74581
2063123,DEB3,1044929,2021,1018194
48750,DEB31,25005,2021,23745
99662,DEB32,49376,2021,50286
46685,DEB33,24460,2021,22225
172557,DEB34,85887,2021,86670
217123,DEB35,111288,2021,105835
53306,DEB36,27312,2021,25994
40176,DEB37,20482,2021,19694
50741,DEB38,26056,2021,24685
83459,DEB39,42161,2021,41298
34001,DEB3A,17161,2021,16840
130715,DEB3B,65751,2021,64964
133004,DEB3C,67901,2021,65103
75539,DEB3D,38122,2021,37417
129006,DEB3E,64769,2021,64237
106320,DEB3F,54068,2021,52252
70105,DEB3G,35284,2021,34821
110783,DEB3H,56183,2021,54600
154754,DEB3I,78416,2021,76338
211525,DEB3J,107173,2021,104352
94912,DEB3K,48074,2021,46838
983991,DEC,500990,2021,483001
983991,DEC0,500990,2021,483001
327502,DEC01,166426,2021,161076
103471,DEC02,52375,2021,51096
131172,DEC03,66731,2021,64441
193732,DEC04,98798,2021,94934
141656,DEC05,72799,2021,68857
86458,DEC06,43861,2021,42597
4056941,DED,2057915,2021,1999026
1589888,DED2,803723,2021,786165
556227,DED21,279167,2021,277060
298010,DED2C,150787,2021,147223
250558,DED2D,127749,2021,122809
240371,DED2E,122222,2021,118149
244722,DED2F,123798,2021,120924
1413730,DED4,718959,2021,694771
244401,DED41,123442,2021,120959
331917,DED42,169472,2021,162445
301474,DED43,151579,2021,149895
223905,DED44,114701,2021,109204
312033,DED45,159765,2021,152268
1053323,DED5,535233,2021,518090
597493,DED51,303971,2021,293522
258386,DED52,131743,2021,126643
197444,DED53,99519,2021,97925
2180684,DEE,1108089,2021,1072595
2180684,DEE0,1108089,2021,1072595
79354,DEE01,40832,2021,38522
237865,DEE02,122624,2021,115241
235775,DEE03,119502,2021,116273
82687,DEE04,41467,2021,41220
157217,DEE05,80159,2021,77058
89403,DEE06,44914,2021,44489
170567,DEE07,85560,2021,85007
177590,DEE08,89671,2021,87919
210975,DEE09,107495,2021,103480
133690,DEE0A,68040,2021,65650
183434,DEE0B,92737,2021,90697
187457,DEE0C,95944,2021,91513
110485,DEE0D,56070,2021,54415
124185,DEE0E,63074,2021,61111
2910875,DEF,1485226,2021,1425649
2910875,DEF0,1485226,2021,1425649
89934,DEF01,45137,2021,44797
246601,DEF02,126556,2021,120045
215846,DEF03,112223,2021,103623
79905,DEF04,40347,2021,39558
133251,DEF05,67540,2021,65711
199152,DEF06,101422,2021,97730
167147,DEF07,85358,2021,81789
201487,DEF08,104316,2021,97171
317085,DEF09,161531,2021,155554
129353,DEF0A,66679,2021,62674
274765,DEF0B,139546,2021,135219
202647,DEF0C,102438,2021,100209
278007,DEF0D,140738,2021,137269
130706,DEF0E,66136,2021,64570
244989,DEF0F,125259,2021,119730
2120237,DEG,1071025,2021,1049212
2120237,DEG0,1071025,2021,1049212
213692,DEG01,109752,2021,103940
92126,DEG02,47652,2021,44474
110731,DEG03,55357,2021,55374
36395,DEG04,18508,2021,17887
105606,DEG0F,52621,2021,52985
65098,DEG05,33659,2021,31439
99463,DEG06,49633,2021,49830
82456,DEG07,41496,2021,40960
101698,DEG09,51271,2021,50427
73522,DEG0A,37029,2021,36493
124241,DEG0B,62131,2021,62110
41970,DEG0N,21304,2021,20666
117967,DEG0P,58873,2021,59094
134563,DEG0C,67586,2021,66977
69107,DEG0D,34603,2021,34504
62656,DEG0E,31313,2021,31343
82291,DEG0G,41551,2021,40740
57044,DEG0H,28973,2021,28071
102139,DEG0I,51833,2021,50306
82816,DEG0J,41677,2021,41139
79632,DEG0K,40053,2021,39579
96668,DEG0L,49009,2021,47659
88356,DEG0M,45141,2021,43215
1330068,EE,699153,2021,630915
1330068,EE0,699153,2021,630915
1330068,EE00,699153,2021,630915
613158,EE001,325803,2021,287355
148458,EE004,76888,2021,71570
315204,EE008,163440,2021,151764
121335,EE009,61894,2021,59441
131913,EE00A,71128,2021,60785
5066893,IE,2557709,2021,2509184
5066893,IE0,2557709,2021,2509184
891624,IE04,448129,2021,443495
416319,IE041,208433,2021,207886
475305,IE042,239696,2021,235609
1676038,IE05,843648,2021,832390
499650,IE051,250458,2021,249192
450265,IE052,227015,2021,223250
726123,IE053,366175,2021,359948
2499231,IE06,1265932,2021,1233299
1432367,IE061,730728,2021,701639
752913,IE062,378645,2021,374268
313951,IE063,156559,2021,157392
10678632,EL,5482584,2021,5196048
3736737,EL3,1956961,2021,1779776
3736737,EL30,1956961,2021,1779776
567255,EL301,313146,2021,254109
487772,EL302,254154,2021,233618
915110,EL303,480025,2021,435085
514255,EL304,280704,2021,233551
577947,EL305,285056,2021,292891
189346,EL306,88711,2021,100635
485052,EL307,255165,2021,229887
1213769,EL4,608754,2021,605015
229155,EL41,107628,2021,121527
119940,EL411,56698,2021,63242
49845,EL412,22938,2021,26907
59370,EL413,27992,2021,31378
347848,EL42,174601,2021,173247
221098,EL421,108731,2021,112367
126750,EL422,65870,2021,60880
636766,EL43,326525,2021,310241
315393,EL431,162359,2021,153034
73521,EL432,37626,2021,35895
87829,EL433,45253,2021,42576
160023,EL434,81287,2021,78736
3046697,EL5,1561850,2021,1484847
594905,EL51,298594,2021,296311
146582,EL511,71853,2021,74729
110868,EL512,55102,2021,55766
109447,EL513,54931,2021,54516
96133,EL514,49806,2021,46327
131875,EL515,66902,2021,64973
1858755,EL52,961543,2021,897212
140838,EL521,71463,2021,69375
1096665,EL522,574955,2021,521710
79597,EL523,38884,2021,40713
135412,EL524,68651,2021,66761
131426,EL525,66777,2021,64649
164544,EL526,85754,2021,78790
110273,EL527,55059,2021,55214
262052,EL53,133298,2021,128754
167747,EL531,84954,2021,82793
45517,EL532,23649,2021,21868
48788,EL533,24695,2021,24093
330985,EL54,168415,2021,162570
118987,EL541,60341,2021,58646
44877,EL542,22735,2021,22142
167121,EL543,85339,2021,81782
2681429,EL6,1355019,2021,1326410
709808,EL61,363194,2021,346614
230100,EL611,116276,2021,113824
278504,EL612,143493,2021,135011
201204,EL613,103425,2021,97779
202371,EL62,103021,2021,99350
39565,EL621,20149,2021,19416
100639,EL622,51688,2021,48951
38435,EL623,19476,2021,18959
23732,EL624,11708,2021,12024
646670,EL63,327253,2021,319417
197233,EL631,99448,2021,97785
295119,EL632,152504,2021,142615
154318,EL633,75301,2021,79017
553235,EL64,275973,2021,277262
122674,EL641,59407,2021,63267
212225,EL642,105073,2021,107152
18360,EL643,9210,2021,9150
157779,EL644,81332,2021,76447
42197,EL645,20951,2021,21246
569345,EL65,285578,2021,283767
175687,EL651,87574,2021,88113
146702,EL652,75080,2021,71622
246956,EL653,122924,2021,124032
47400798,ES,24152187,2021,23248611
4295002,ES1,2228471,2021,2066531
2698177,ES11,1398686,2021,1299491
1120501,ES111,583140,2021,537361
326068,ES112,168065,2021,158003
305297,ES113,158667,2021,146630
946311,ES114,488814,2021,457497
1012117,ES12,528931,2021,483186
1012117,ES120,528931,2021,483186
584708,ES13,300854,2021,283854
584708,ES130,300854,2021,283854
4526042,ES2,2306094,2021,2219948
2212628,ES21,1136646,2021,1075982
333485,ES211,169186,2021,164299
725508,ES212,371015,2021,354493
1153635,ES213,596445,2021,557190
662032,ES22,334092,2021,327940
662032,ES220,334092,2021,327940
319444,ES23,161681,2021,157763
319444,ES230,161681,2021,157763
1331938,ES24,673675,2021,658263
223995,ES241,110539,2021,113456
134259,ES242,66116,2021,68143
973684,ES243,497020,2021,476664
6726640,ES3,3505239,2021,3221401
6726640,ES30,3505239,2021,3221401
6726640,ES300,3505239,2021,3221401
5499364,ES4,2769868,2021,2729496
2385223,ES41,1210266,2021,1174957
158898,ES411,79014,2021,79884
356042,ES412,178002,2021,178040
452435,ES413,232401,2021,220034
159146,ES414,80263,2021,78883
327735,ES415,168533,2021,159202
153626,ES416,76474,2021,77152
88796,ES417,43857,2021,44939
519380,ES418,266381,2021,252999
169165,ES419,85341,2021,83824
2052505,ES42,1023809,2021,1028696
386726,ES421,193239,2021,193487
492900,ES422,248788,2021,244112
196510,ES423,97762,2021,98748
265969,ES424,131095,2021,134874
710400,ES425,352925,2021,357475
1061636,ES43,535793,2021,525843
671092,ES431,339236,2021,331856
390544,ES432,196557,2021,193987
14001222,ES5,7097657,2021,6903565
7749896,ES51,3935073,2021,3814823
5702262,ES511,2916372,2021,2785890
784941,ES512,391572,2021,393369
439258,ES513,215247,2021,224011
823435,ES514,411882,2021,411553
5067911,ES52,2570159,2021,2497752
1887036,ES521,951802,2021,935234
587632,ES522,295775,2021,291857
2593243,ES523,1322582,2021,1270661
1183415,ES53,592425,2021,590990
166077,ES531,81003,2021,85074
920605,ES532,462832,2021,457773
96733,ES533,48590,2021,48143
10173604,ES6,5143794,2021,5029810
8484804,ES61,4302184,2021,4182620
730430,ES611,357607,2021,372823
1249873,ES612,633278,2021,616595
777622,ES613,396763,2021,380859
925046,ES614,468653,2021,456393
527254,ES615,266068,2021,261186
627568,ES616,316638,2021,310930
1696955,ES617,865744,2021,831211
1950056,ES618,997433,2021,952623
1518279,ES62,757448,2021,760831
1518279,ES620,757448,2021,760831
84071,ES63,41535,2021,42536
84071,ES630,41535,2021,42536
86450,ES64,42627,2021,43823
86450,ES640,42627,2021,43823
2178924,ES7,1101064,2021,1077860
2178924,ES70,1101064,2021,1077860
11290,ES703,5572,2021,5718
119278,ES704,57879,2021,61399
856137,ES705,433371,2021,422766
21893,ES706,10740,2021,11153
83812,ES707,42378,2021,41434
155944,ES708,76949,2021,78995
930570,ES709,474175,2021,456395
67728568,FR,34946473,2021,32782095
12317279,FR1,6364182,2021,5953097
12317279,FR10,6364182,2021,5953097
2133111,FR101,1130503,2021,1002608
1438100,FR102,738048,2021,700052
1456365,FR103,747613,2021,708752
1313768,FR104,669455,2021,644313
1635291,FR105,856250,2021,779041
1668670,FR106,843580,2021,825090
1415367,FR107,733574,2021,681793
1256607,FR108,645159,2021,611448
2573303,FRB,1323957,2021,1249346
2573303,FRB0,1323957,2021,1249346
299573,FRB01,154073,2021,145500
431277,FRB02,220250,2021,211027
217228,FRB03,112250,2021,104978
612160,FRB04,317881,2021,294279
328504,FRB05,168802,2021,159702
684561,FRB06,350701,2021,333860
2800194,FRC,1435118,2021,1365076
1620593,FRC1,834814,2021,785779
535503,FRC11,276700,2021,258803
202417,FRC12,105065,2021,97352
549288,FRC13,282321,2021,266967
333385,FRC14,170728,2021,162657
1179601,FRC2,600304,2021,579297
547096,FRC21,279068,2021,268028
258555,FRC22,132053,2021,126502
234296,FRC23,118946,2021,115350
139654,FRC24,70237,2021,69417
3327966,FRD,1717318,2021,1610648
1473114,FRD1,758608,2021,714506
700633,FRD11,363481,2021,337152
495508,FRD12,253361,2021,242147
276973,FRD13,141766,2021,135207
1854852,FRD2,958710,2021,896142
598934,FRD21,306930,2021,292004
1255918,FRD22,651780,2021,604138
5995292,FRE,3088833,2021,2906459
4072734,FRE1,2104169,2021,1968565
2611293,FRE11,1350781,2021,1260512
1461441,FRE12,753388,2021,708053
1922558,FRE2,984664,2021,937894
527468,FRE21,269862,2021,257606
828838,FRE22,423384,2021,405454
566252,FRE23,291418,2021,274834
5561287,FRF,2848256,2021,2713031
1919745,FRF1,982376,2021,937369
1152662,FRF11,591918,2021,560744
767083,FRF12,390458,2021,376625
1316522,FRF2,676477,2021,640045
268859,FRF21,137416,2021,131443
311329,FRF22,159672,2021,151657
565292,FRF23,292264,2021,273028
171042,FRF24,87125,2021,83917
2325020,FRF3,1189403,2021,1135617
732486,FRF31,376732,2021,355754
181919,FRF32,91745,2021,90174
1049942,FRF33,536278,2021,513664
360673,FRF34,184648,2021,176025
3853999,FRG,1974609,2021,1879390
3853999,FRG0,1974609,2021,1879390
1457806,FRG01,747808,2021,709998
824743,FRG02,423794,2021,400949
305933,FRG03,154823,2021,151110
566058,FRG04,290690,2021,275368
699459,FRG05,357494,2021,341965
3394567,FRH,1743624,2021,1650943
3394567,FRH0,1743624,2021,1650943
605917,FRH01,312791,2021,293126
921638,FRH02,473475,2021,448163
1098325,FRH03,561734,2021,536591
768687,FRH04,395624,2021,373063
6069352,FRI,3145267,2021,2924085
3515932,FRI1,1826097,2021,1689835
413730,FRI11,214044,2021,199686
1654970,FRI12,861781,2021,793189
422976,FRI13,217780,2021,205196
331229,FRI14,171887,2021,159342
693027,FRI15,360605,2021,332422
727177,FRI2,376444,2021,350733
239784,FRI21,122854,2021,116930
115702,FRI22,59307,2021,56395
371691,FRI23,194283,2021,177408
1826243,FRI3,942726,2021,883517
350867,FRI31,180377,2021,170490
661404,FRI32,344353,2021,317051
374587,FRI33,190768,2021,183819
439385,FRI34,227228,2021,212157
6022176,FRJ,3111296,2021,2910880
2898280,FRJ1,1509355,2021,1388925
376028,FRJ11,195164,2021,180864
756543,FRJ12,391549,2021,364994
1201883,FRJ13,628251,2021,573632
76519,FRJ14,38428,2021,38091
487307,FRJ15,255963,2021,231344
3123896,FRJ2,1601941,2021,1521955
154596,FRJ21,78969,2021,75627
279649,FRJ22,141603,2021,138046
1434367,FRJ23,735385,2021,698982
192437,FRJ24,98596,2021,93841
174942,FRJ25,89932,2021,85010
230956,FRJ26,119550,2021,111406
393572,FRJ27,203422,2021,190150
263377,FRJ28,134484,2021,128893
8114361,FRK,4164157,2021,3950204
1368667,FRK1,704743,2021,663924
334872,FRK11,174066,2021,160806
144226,FRK12,73702,2021,70524
227284,FRK13,115372,2021,111912
662285,FRK14,341603,2021,320682
6745694,FRK2,3459414,2021,3286280
663202,FRK21,335812,2021,327390
331415,FRK22,169614,2021,161801
519458,FRK23,267741,2021,251717
1284948,FRK24,654688,2021,630260
769029,FRK25,396222,2021,372807
1893692,FRK26,982500,2021,911192
442468,FRK27,225294,2021,217174
841482,FRK28,427543,2021,413939
5127840,FRL,2675599,2021,2452241
5127840,FRL0,2675599,2021,2452241
166077,FRL01,85557,2021,80520
140976,FRL02,72314,2021,68662
1103941,FRL03,581869,2021,522072
2056943,FRL04,1072884,2021,984059
1095337,FRL05,569256,2021,526081
564566,FRL06,293719,2021,270847
347597,FRM,178978,2021,168619
347597,FRM0,178978,2021,168619
162942,FRM01,84262,2021,78680
184655,FRM02,94716,2021,89939
2223355,FRY,1175279,2021,1048076
415792,FRY1,224995,2021,190797
415792,FRY10,224995,2021,190797
360749,FRY2,195830,2021,164919
360749,FRY20,195830,2021,164919
286618,FRY3,147153,2021,139465
286618,FRY30,147153,2021,139465
871157,FRY4,456019,2021,415138
871157,FRY40,456019,2021,415138
289039,FRY5,151282,2021,137757
289039,FRY50,151282,2021,137757
3893026,HR,2019003,2021,1874023
3893026,HR0,2019003,2021,1874023
1030173,HR02,531478,2021,498695
102951,HR021,52795,2021,50156
71128,HR022,36778,2021,34350
64856,HR023,33306,2021,31550
131807,HR024,67733,2021,64074
260290,HR025,135142,2021,125148
144758,HR026,74759,2021,69999
113197,HR027,58347,2021,54850
141186,HR028,72618,2021,68568
1304875,HR03,671159,2021,633716
267523,HR031,139368,2021,128155
43217,HR032,21797,2021,21420
160326,HR033,81853,2021,78473
97200,HR034,49337,2021,47863
424968,HR035,218715,2021,206253
195378,HR036,100794,2021,94584
116263,HR037,59295,2021,56968
768895,HR05,410111,2021,358784
768895,HR050,410111,2021,358784
789083,HR06,406255,2021,382828
105696,HR061,54052,2021,51644
160467,HR062,82546,2021,77921
101743,HR063,52505,2021,49238
121039,HR064,62218,2021,58821
300138,HR065,154934,2021,145204
59236213,IT,30369987,2021,28866226
15899083,ITC,8134679,2021,7764404
4274945,ITC1,2195544,2021,2079401
2219206,ITC11,1144910,2021,1074296
166584,ITC12,85519,2021,81065
170724,ITC13,88612,2021,82112
154926,ITC14,79783,2021,75143
362925,ITC15,185997,2021,176928
581798,ITC16,293754,2021,288044
209390,ITC17,106697,2021,102693
409392,ITC18,210272,2021,199120
124089,ITC2,63377,2021,60712
124089,ITC20,63377,2021,60712
1518495,ITC3,789650,2021,728845
209244,ITC31,108230,2021,101014
269752,ITC32,140099,2021,129653
823612,ITC33,430142,2021,393470
215887,ITC34,111179,2021,104708
9981554,ITC4,5086108,2021,4895446
880093,ITC41,451214,2021,428879
596456,ITC42,303134,2021,293322
333569,ITC43,168880,2021,164689
178798,ITC44,90781,2021,88017
1103556,ITC46,555417,2021,548139
1255709,ITC47,634192,2021,621517
535801,ITC48,273530,2021,262271
227343,ITC49,114775,2021,112568
352242,ITC4A,178312,2021,173930
406061,ITC4B,205792,2021,200269
3241813,ITC4C,1666476,2021,1575337
870113,ITC4D,443605,2021,426508
13539074,ITF,6940360,2021,6598714
1281012,ITF1,655427,2021,625585
290811,ITF11,146887,2021,143924
301104,ITF12,153756,2021,147348
313882,ITF13,162431,2021,151451
375215,ITF14,192353,2021,182862
294294,ITF2,149430,2021,144864
81415,ITF21,41099,2021,40316
212879,ITF22,108331,2021,104548
5624260,ITF3,2885222,2021,2739038
901903,ITF31,460445,2021,441458
266716,ITF32,136247,2021,130469
2986745,ITF33,1538493,2021,1448252
402929,ITF34,205405,2021,197524
1065967,ITF35,544632,2021,521335
3933777,ITF4,2020524,2021,1913253
561958,ITF43,289387,2021,272571
381946,ITF44,197490,2021,184456
776230,ITF45,403612,2021,372618
602394,ITF46,306366,2021,296028
1230158,ITF47,630699,2021,599459
381091,ITF48,192970,2021,188121
545130,ITF5,277141,2021,267989
352490,ITF51,179319,2021,173171
192640,ITF52,97822,2021,94818
1860601,ITF6,952616,2021,907985
676119,ITF61,346092,2021,330027
164059,ITF62,82911,2021,81148
344439,ITF63,176935,2021,167504
152193,ITF64,77153,2021,75040
523791,ITF65,269525,2021,254266
6423749,ITG,3298880,2021,3124869
4833705,ITG1,2486946,2021,2346759
418277,ITG11,213136,2021,205141
1208819,ITG12,625259,2021,583560
603980,ITG13,312967,2021,291013
416181,ITG14,214177,2021,202004
253688,ITG15,130971,2021,122717
157690,ITG16,81595,2021,76095
1074089,ITG17,553739,2021,520350
314910,ITG18,158897,2021,156013
386071,ITG19,196205,2021,189866
1590044,ITG2,811934,2021,778110
476357,ITG2D,242654,2021,233703
201517,ITG2E,102531,2021,98986
421488,ITG2F,218256,2021,203232
152418,ITG2G,77553,2021,74865
338264,ITG2H,170940,2021,167324
11587355,ITH,5912130,2021,5675225
534912,ITH1,269467,2021,265445
534912,ITH10,269467,2021,265445
542166,ITH2,275400,2021,266766
542166,ITH20,275400,2021,266766
4869830,ITH3,2478665,2021,2391165
927810,ITH31,470607,2021,457203
854962,ITH32,431995,2021,422967
199704,ITH33,102504,2021,97200
880417,ITH34,446309,2021,434108
843545,ITH35,432932,2021,410613
932629,ITH36,476332,2021,456297
230763,ITH37,117986,2021,112777
1201510,ITH4,615649,2021,585861
310634,ITH41,157726,2021,152908
521117,ITH42,267875,2021,253242
139070,ITH43,70335,2021,68735
230689,ITH44,119713,2021,110976
4438937,ITH5,2272949,2021,2165988
283742,ITH51,144347,2021,139395
449628,ITH52,229068,2021,220560
527140,ITH53,267159,2021,259981
703696,ITH54,357766,2021,345930
1015608,ITH55,524325,2021,491283
342061,ITH56,177058,2021,165003
386643,ITH57,198129,2021,188514
392642,ITH58,200885,2021,191757
337777,ITH59,174212,2021,163565
11786952,ITI,6083938,2021,5703014
3692865,ITI1,1904315,2021,1788550
189836,ITI11,97770,2021,92066
383957,ITI12,198255,2021,185702
290245,ITI13,149818,2021,140427
998431,ITI14,518297,2021,480134
265269,ITI15,134904,2021,130365
328996,ITI16,170246,2021,158750
417983,ITI17,214253,2021,203730
336501,ITI18,172175,2021,164326
263801,ITI19,136467,2021,127334
217846,ITI1A,112130,2021,105716
865452,ITI2,447744,2021,417708
645506,ITI21,333502,2021,312004
219946,ITI22,114242,2021,105704
1498236,ITI3,768653,2021,729583
353272,ITI31,180428,2021,172844
464419,ITI32,238918,2021,225501
307410,ITI33,157856,2021,149554
203425,ITI34,104698,2021,98727
169710,ITI35,86753,2021,82957
5730399,ITI4,2963226,2021,2767173
308830,ITI41,157400,2021,151430
151335,ITI42,76214,2021,75121
4231451,ITI43,2202936,2021,2028515
566224,ITI44,286115,2021,280109
472559,ITI45,240561,2021,231998
896007,CY,458357,2021,437650
896007,CY0,458357,2021,437650
896007,CY00,458357,2021,437650
896007,CY000,458357,2021,437650
1893223,LV,1017998,2021,875225
1893223,LV0,1017998,2021,875225
1893223,LV00,1017998,2021,875225
236022,LV003,125846,2021,110176
614618,LV006,341396,2021,273222
378982,LV007,199127,2021,179855
183399,LV008,96957,2021,86442
252682,LV005,135202,2021,117480
227520,LV009,119470,2021,108050
2810761,LT,1505796,2021,1304965
2810761,LT0,1505796,2021,1304965
810797,LT01,435228,2021,375569
810797,LT011,435228,2021,375569
1999964,LT02,1070568,2021,929396
137741,LT021,73503,2021,64238
569571,LT022,306910,2021,262661
322283,LT023,172303,2021,149980
138292,LT024,72610,2021,65682
216233,LT025,116706,2021,99527
262220,LT026,140496,2021,121724
92667,LT027,49271,2021,43396
133376,LT028,70920,2021,62456
127581,LT029,67849,2021,59732
634730,LU,315274,2021,319456
634730,LU0,315274,2021,319456
634730,LU00,315274,2021,319456
634730,LU000,315274,2021,319456
9651461,HU,5004102,2021,4647359
2990892,HU1,1567677,2021,1423215
1690503,HU11,900160,2021,790343
1690503,HU110,900160,2021,790343
1300389,HU12,667517,2021,632872
1300389,HU120,667517,2021,632872
2911164,HU2,1499709,2021,1411455
1061979,HU21,543813,2021,518166
418634,HU211,213994,2021,204640
302138,HU212,154923,2021,147215
341207,HU213,174896,2021,166311
979459,HU22,503659,2021,475800
467419,HU221,238803,2021,228616
248920,HU222,128078,2021,120842
263120,HU223,136778,2021,126342
869726,HU23,452237,2021,417489
359529,HU231,187999,2021,171530
298505,HU232,155110,2021,143395
211692,HU233,109128,2021,102564
3749405,HU3,1936716,2021,1812689
1111193,HU31,575275,2021,535918
635644,HU311,328519,2021,307125
290396,HU312,151380,2021,139016
185153,HU313,95376,2021,89777
1423489,HU32,731728,2021,691761
523648,HU321,269954,2021,253694
362084,HU322,185788,2021,176296
537757,HU323,275986,2021,261771
1214723,HU33,629713,2021,585010
497956,HU331,257251,2021,240705
321661,HU332,166583,2021,155078
395106,HU333,205879,2021,189227
516125,MT,248511,2021,267614
516125,MT0,248511,2021,267614
516125,MT00,248511,2021,267614
477718,MT001,229907,2021,247811
38407,MT002,18604,2021,19803
17475415,NL,8788879,2021,8686536
1733143,NL1,866967,2021,866176
586937,NL11,293576,2021,293361
135839,NL111,68059,2021,67780
405511,NL113,202771,2021,202740
45587,NL112,22746,2021,22841
651435,NL12,324647,2021,326788
321562,NL124,160110,2021,161452
141777,NL125,70427,2021,71350
188096,NL126,94110,2021,93986
494771,NL13,248744,2021,246027
192808,NL131,97107,2021,95701
167939,NL132,84205,2021,83734
134024,NL133,67432,2021,66592
3691362,NL2,1849839,2021,1841523
1166533,NL21,580478,2021,586055
377292,NL211,188288,2021,189004
157508,NL212,79119,2021,78389
631733,NL213,313071,2021,318662
2096603,NL22,1055436,2021,1041167
700975,NL221,352801,2021,348174
248674,NL224,123869,2021,124805
402239,NL225,201614,2021,200625
744715,NL226,377152,2021,367563
428226,NL23,213925,2021,214301
428226,NL230,213925,2021,214301
8361089,NL3,4228259,2021,4132830
1361153,NL31,690975,2021,670178
1361153,NL310,690975,2021,670178
3726050,NL33,1883381,2021,1842669
373005,NL33A,188452,2021,184553
887863,NL332,449860,2021,438003
234377,NL333,114422,2021,119955
431595,NL337,219207,2021,212388
337798,NL33B,169856,2021,167942
1461412,NL33C,741584,2021,719828
2888486,NL32,1459927,2021,1428559
379304,NL321,189187,2021,190117
199389,NL323,100434,2021,98955
230734,NL324,118159,2021,112575
1396239,NL329,705475,2021,690764
173234,NL325,87389,2021,85845
259109,NL327,132897,2021,126212
250477,NL328,126386,2021,124091
385400,NL34,193976,2021,191424
105204,NL341,52803,2021,52401
280196,NL342,141173,2021,139023
3689821,NL4,1843814,2021,1846007
2573949,NL41,1283091,2021,1290858
637031,NL411,320429,2021,316602
493004,NL412,246839,2021,246165
659524,NL413,329226,2021,330298
784390,NL414,386597,2021,397793
1115872,NL42,560723,2021,555149
283350,NL421,140610,2021,142740
238268,NL422,118904,2021,119364
594254,NL423,301209,2021,293045
8932664,AT,4535712,2021,4396952
3907838,AT1,1991992,2021,1915846
296010,AT11,150724,2021,145286
37453,AT111,19047,2021,18406
161469,AT112,82290,2021,79179
97088,AT113,49387,2021,47701
1690879,AT12,858326,2021,832553
247574,AT121,124025,2021,123549
262265,AT122,133460,2021,128805
157014,AT123,79620,2021,77394
215867,AT124,108712,2021,107155
125490,AT125,63385,2021,62105
335788,AT126,171113,2021,164675
346881,AT127,178011,2021,168870
1920949,AT13,982942,2021,938007
1920949,AT130,982942,2021,938007
1809166,AT2,918549,2021,890617
562089,AT21,287622,2021,274467
290424,AT211,150063,2021,140361
123463,AT212,62672,2021,60791
148202,AT213,74887,2021,73315
1247077,AT22,630927,2021,616150
448987,AT221,226896,2021,222091
79592,AT222,40635,2021,38957
157205,AT223,80100,2021,77105
265376,AT224,133523,2021,131853
197112,AT225,99753,2021,97359
98805,AT226,50020,2021,48785
3215660,AT3,1625171,2021,1590489
1495608,AT31,752853,2021,742755
290917,AT311,145274,2021,145643
598030,AT312,303133,2021,294897
210515,AT313,104473,2021,106042
156051,AT314,78467,2021,77584
240095,AT315,121506,2021,118589
560710,AT32,286359,2021,274351
20118,AT321,10148,2021,9970
169560,AT322,85895,2021,83665
371032,AT323,190316,2021,180716
760105,AT33,385077,2021,375028
33054,AT331,16671,2021,16383
312757,AT332,158839,2021,153918
48814,AT333,24648,2021,24166
105268,AT334,53009,2021,52259
260212,AT335,131910,2021,128302
399237,AT34,200882,2021,198355
92656,AT341,46217,2021,46439
306581,AT342,154665,2021,151916
37073357,PL,19131216,2021,17942141
7634744,PL2,3942799,2021,3691945
3324543,PL21,1710625,2021,1613918
790127,PL213,419244,2021,370883
743514,PL214,377437,2021,366077
429276,PL217,219354,2021,209922
513874,PL218,260150,2021,253724
321877,PL219,164440,2021,157437
525875,PL21A,270000,2021,255875
4310201,PL22,2232174,2021,2078027
487392,PL224,253424,2021,233968
648427,PL225,334206,2021,314221
595895,PL227,305680,2021,290215
409214,PL228,211401,2021,197813
435956,PL229,225433,2021,210523
696019,PL22A,364013,2021,332006
650101,PL22B,339368,2021,310733
387197,PL22C,198649,2021,188548
6031310,PL4,3095040,2021,2936270
3455384,PL41,1773239,2021,1682145
389027,PL411,197512,2021,191515
629248,PL414,321340,2021,307908
542707,PL415,288330,2021,254377
649154,PL416,332202,2021,316952
545971,PL417,277227,2021,268744
699277,PL418,356628,2021,342649
1610051,PL42,826518,2021,783533
392527,PL424,205348,2021,187179
338226,PL426,174560,2021,163666
388493,PL427,197400,2021,191093
490805,PL428,249210,2021,241595
965875,PL43,495283,2021,470592
368125,PL431,188410,2021,179715
597750,PL432,306873,2021,290877
3743859,PL5,1936917,2021,1806942
2833557,PL51,1467570,2021,1365987
670219,PL514,353251,2021,316968
522653,PL515,269853,2021,252800
425228,PL516,219132,2021,206096
597241,PL517,311334,2021,285907
618216,PL518,314000,2021,304216
910302,PL52,469347,2021,440955
342466,PL523,175724,2021,166742
567836,PL524,293623,2021,274213
5587643,PL6,2870103,2021,2717540
1969116,PL61,1015780,2021,953336
751413,PL613,393539,2021,357874
366376,PL616,186988,2021,179388
340207,PL617,173854,2021,166353
176329,PL618,88993,2021,87336
334791,PL619,172406,2021,162385
1322861,PL62,676653,2021,646208
487629,PL621,248308,2021,239321
573199,PL622,295569,2021,277630
262033,PL623,132776,2021,129257
2295666,PL63,1177670,2021,1117996
748886,PL633,393922,2021,354964
611119,PL634,308088,2021,303031
315175,PL636,161101,2021,154074
215387,PL637,108808,2021,106579
405099,PL638,205751,2021,199348
3535442,PL7,1837930,2021,1697512
2380949,PL71,1245166,2021,1135783
667625,PL711,362674,2021,304951
387043,PL712,202377,2021,184666
555162,PL713,285151,2021,270011
425535,PL714,217155,2021,208380
345584,PL715,177809,2021,167775
1154493,PL72,592764,2021,561729
708766,PL721,366582,2021,342184
445727,PL722,226182,2021,219545
5057998,PL8,2596021,2021,2461977
1981180,PL81,1022422,2021,958758
280052,PL811,142042,2021,138010
569131,PL812,292411,2021,276720
687985,PL814,360443,2021,327542
444012,PL815,227526,2021,216486
1979297,PL82,1010979,2021,968318
443024,PL821,226436,2021,216588
357232,PL822,182815,2021,174417
615954,PL823,314784,2021,301170
563087,PL824,286944,2021,276143
1097521,PL84,562620,2021,534901
488942,PL841,254243,2021,234699
359783,PL842,182054,2021,177729
248796,PL843,126323,2021,122473
5482361,PL9,2852406,2021,2629955
3242890,PL91,1710982,2021,1531908
1866128,PL911,1000937,2021,865191
677419,PL912,348665,2021,328754
699343,PL913,361380,2021,337963
2239471,PL92,1141424,2021,1098047
574281,PL921,293937,2021,280344
326432,PL922,165854,2021,160578
311264,PL923,160499,2021,150765
366050,PL924,184332,2021,181718
403799,PL925,204689,2021,199110
257645,PL926,132113,2021,125532
10394297,PT,5451426,2021,4942871
9904781,PT1,5196201,2021,4708580
3601434,PT11,1887143,2021,1714291
232444,PT111,123583,2021,108861
418141,PT112,218071,2021,200070
420113,PT119,217573,2021,202540
1743272,PT11A,918020,2021,825252
84571,PT11B,44356,2021,40215
410345,PT11C,212546,2021,197799
184712,PT11D,96895,2021,87817
107836,PT11E,56099,2021,51737
469892,PT15,242026,2021,227866
469892,PT150,242026,2021,227866
2239686,PT16,1173756,2021,1065930
709074,PT18,365849,2021,343225
81190,PT16H,42556,2021,38634
229933,PT16I,121087,2021,108846
365752,PT16B,189874,2021,175878
369271,PT16D,192628,2021,176643
439288,PT16E,232270,2021,207018
288179,PT16F,149831,2021,138348
254254,PT16G,134240,2021,120014
97062,PT181,47785,2021,49277
115698,PT184,59087,2021,56611
237240,PT185,123703,2021,113537
105676,PT186,55481,2021,50195
153398,PT187,79793,2021,73605
211819,PT16J,111270,2021,100549
2884695,PT17,1527427,2021,1357268
2884695,PT170,1527427,2021,1357268
237616,PT2,121522,2021,116094
237616,PT20,121522,2021,116094
237616,PT200,121522,2021,116094
251900,PT3,133703,2021,118197
251900,PT30,133703,2021,118197
251900,PT300,133703,2021,118197
19201662,RO,9814072,2021,9387590
4839850,RO1,2472396,2021,2367454
2537017,RO11,1298553,2021,1238464
557290,RO111,284363,2021,272927
276257,RO112,138830,2021,137427
710284,RO113,368042,2021,342242
454870,RO114,231786,2021,223084
329272,RO115,169294,2021,159978
209044,RO116,106238,2021,102806
2302833,RO12,1173843,2021,1128990
320917,RO121,162655,2021,158262
553256,RO122,284120,2021,269136
200050,RO123,100858,2021,99192
299075,RO124,151336,2021,147739
529325,RO125,269207,2021,260118
400210,RO126,205667,2021,194543
5515101,RO2,2790650,2021,2724451
3163465,RO21,1591180,2021,1572285
575580,RO211,291115,2021,284465
371805,RO212,186148,2021,185657
794752,RO213,399417,2021,395335
432986,RO214,219738,2021,213248
620092,RO215,312130,2021,307962
368250,RO216,182632,2021,185618
2351636,RO22,1199470,2021,1152166
280679,RO221,142891,2021,137788
403709,RO222,205074,2021,198635
668065,RO223,344331,2021,323734
495149,RO224,251855,2021,243294
189707,RO225,95108,2021,94599
314327,RO226,160211,2021,154116
5196051,RO3,2688709,2021,2507342
2868994,RO31,1455974,2021,1413020
567678,RO311,290340,2021,277338
277701,RO312,140359,2021,137342
483102,RO313,243388,2021,239714
261050,RO314,130537,2021,130513
251917,RO315,127350,2021,124567
703368,RO316,360425,2021,342943
324178,RO317,163575,2021,160603
2327057,RO32,1232735,2021,1094322
1823526,RO321,976350,2021,847176
503531,RO322,256385,2021,247146
3650660,RO4,1862317,2021,1788343
1892078,RO41,961264,2021,930814
615962,RO411,314837,2021,301125
307967,RO412,155470,2021,152497
236460,RO413,119737,2021,116723
385775,RO414,195272,2021,190503
345914,RO415,175948,2021,169966
1758582,RO42,901053,2021,857529
413030,RO421,211417,2021,201613
266283,RO422,136103,2021,130180
373769,RO423,190665,2021,183104
705500,RO424,362868,2021,342632
2108977,SI,1049039,2021,1059938
2108977,SI0,1049039,2021,1059938
1105046,SI03,545969,2021,559077
114725,SI031,57701,2021,57024
328469,SI032,162348,2021,166121
70635,SI033,34858,2021,35777
258908,SI034,127530,2021,131378
57204,SI035,28664,2021,28540
75928,SI036,37429,2021,38499
145923,SI037,71492,2021,74431
53254,SI038,25947,2021,27307
1003931,SI04,503070,2021,500861
555948,SI041,280236,2021,275712
211069,SI042,104938,2021,106131
118525,SI043,58550,2021,59975
118389,SI044,59346,2021,59043
5459781,SK,2793295,2021,2666486
5459781,SK0,2793295,2021,2666486
677024,SK01,354201,2021,322823
677024,SK010,354201,2021,322823
1819399,SK02,929480,2021,889919
565324,SK021,288548,2021,276776
582567,SK022,296429,2021,286138
671508,SK023,344503,2021,327005
1334238,SK03,681921,2021,652317
691136,SK031,351298,2021,339838
643102,SK032,330623,2021,312479
1629120,SK04,827693,2021,801427
827028,SK041,417725,2021,409303
802092,SK042,409968,2021,392124
5533793,FI,2799985,2021,2733808
5503664,FI1,2784845,2021,2718819
1378851,FI19,693956,2021,684895
274778,FI193,137954,2021,136824
520691,FI197,264245,2021,256446
215416,FI196,108649,2021,106767
187679,FI194,93976,2021,93703
180287,FI195,89132,2021,91155
1702678,FI1B,870422,2021,832256
1702678,FI1B1,870422,2021,832256
1147484,FI1C,583058,2021,564426
481403,FI1C1,245554,2021,235849
170577,FI1C2,86209,2021,84368
199146,FI1C3,101972,2021,97174
169437,FI1C4,85589,2021,83848
126921,FI1C5,63734,2021,63187
1274651,FI1D,637409,2021,637242
140587,FI1D1,71010,2021,69577
243576,FI1D2,123159,2021,120417
160341,FI1D3,80547,2021,79794
67988,FI1D5,34088,2021,33900
176665,FI1D7,88228,2021,88437
71664,FI1D8,35427,2021,36237
413830,FI1D9,204950,2021,208880
30129,FI2,15140,2021,14989
30129,FI20,15140,2021,14989
30129,FI200,15140,2021,14989
10379295,SE,5156448,2021,5222847
4129727,SE1,2057288,2021,2072439
2391990,SE11,1194315,2021,1197675
2391990,SE110,1194315,2021,1197675
1737737,SE12,862973,2021,874764
388394,SE121,193993,2021,194401
299401,SE122,149103,2021,150298
467158,SE123,230168,2021,236990
305643,SE124,152321,2021,153322
277141,SE125,137388,2021,139753
4492990,SE2,2232323,2021,2260667
873407,SE21,431103,2021,442304
365010,SE211,179971,2021,185039
202263,SE212,99157,2021,103106
246010,SE213,121823,2021,124187
60124,SE214,30152,2021,29972
1548392,SE22,773389,2021,775003
159056,SE221,77915,2021,81141
1389336,SE224,695474,2021,693862
2071191,SE23,1027831,2021,1043360
336748,SE231,167845,2021,168903
1734443,SE232,859986,2021,874457
1756578,SE3,866837,2021,889741
858063,SE31,425156,2021,432907
282885,SE311,140356,2021,142529
287676,SE312,142092,2021,145584
287502,SE313,142708,2021,144794
375709,SE32,185491,2021,190218
244554,SE321,120900,2021,123654
131155,SE322,64591,2021,66564
522806,SE33,256190,2021,266616
273192,SE331,134763,2021,138429
249614,SE332,121427,2021,128187
